item,itemId,title,category
item0,1234567890,Item0,908
item1,1234567891,Item1,788
item2,1234567892,Item2,365
item3,1234567893,Item3,214
item4,1234567894,Item4,912
item5,1234567895,Item5,688
item6,1234567896,Item6,523
item7,1234567897,Item7,515
item8,1234567898,Item8,383
item9,1234567899,Item9,428
item10,1234567900,Item10,907
item11,1234567901,Item11,336
item12,1234567902,Item12,159
item13,1234567903,Item13,307
item14,1234567904,Item14,291
item15,1234567905,Item15,30
item16,1234567906,Item16,932
item17,1234567907,Item17,469
item18,1234567908,Item18,397
item19,1234567909,Item19,429
item20,1234567910,Item20,315
item21,1234567911,Item21,204
item22,1234567912,Item22,564
item23,1234567913,Item23,394
item24,1234567914,Item24,129
item25,1234567915,Item25,854
item26,1234567916,Item26,121
item27,1234567917,Item27,65
item28,1234567918,Item28,116
item29,1234567919,Item29,268
item30,1234567920,Item30,575
item31,1234567921,Item31,493
item32,1234567922,Item32,701
item33,1234567923,Item33,952
item34,1234567924,Item34,645
item35,1234567925,Item35,657
item36,1234567926,Item36,152
item37,1234567927,Item37,528
item38,1234567928,Item38,514
item39,1234567929,Item39,995
item40,1234567930,Item40,230
item41,1234567931,Item41,957
item42,1234567932,Item42,410
item43,1234567933,Item43,985
item44,1234567934,Item44,667
item45,1234567935,Item45,282
item46,1234567936,Item46,46
item47,1234567937,Item47,662
item48,1234567938,Item48,210
item49,1234567939,Item49,795
item50,1234567940,Item50,303
item51,1234567941,Item51,957
item52,1234567942,Item52,535
item53,1234567943,Item53,345
item54,1234567944,Item54,235
item55,1234567945,Item55,293
item56,1234567946,Item56,933
item57,1234567947,Item57,705
item58,1234567948,Item58,388
item59,1234567949,Item59,361
item60,1234567950,Item60,628
item61,1234567951,Item61,974
item62,1234567952,Item62,11
item63,1234567953,Item63,337
item64,1234567954,Item64,641
item65,1234567955,Item65,801
item66,1234567956,Item66,927
item67,1234567957,Item67,967
item68,1234567958,Item68,0
item69,1234567959,Item69,644
item70,1234567960,Item70,32
item71,1234567961,Item71,182
item72,1234567962,Item72,46
item73,1234567963,Item73,240
item74,1234567964,Item74,156
item75,1234567965,Item75,361
item76,1234567966,Item76,947
item77,1234567967,Item77,274
item78,1234567968,Item78,314
item79,1234567969,Item79,564
item80,1234567970,Item80,935
item81,1234567971,Item81,151
item82,1234567972,Item82,712
item83,1234567973,Item83,520
item84,1234567974,Item84,108
item85,1234567975,Item85,389
item86,1234567976,Item86,417
item87,1234567977,Item87,826
item88,1234567978,Item88,429
item89,1234567979,Item89,295
item90,1234567980,Item90,805
item91,1234567981,Item91,157
item92,1234567982,Item92,778
item93,1234567983,Item93,859
item94,1234567984,Item94,249
item95,1234567985,Item95,289
item96,1234567986,Item96,223
item97,1234567987,Item97,813
item98,1234567988,Item98,617
item99,1234567989,Item99,754
